Map,Guild tag character
Abomination Map,—
Academy Map,Æ
Acid Caverns Map,ÿ
Acton's Nightmare,Ô
Alleyways Map,a
Altered Distant Memory,u
Ancient City Map,R
Arachnid Nest Map,Ó
Arachnid Tomb Map,!
Arcade Map,+
Arena Map,t
Arid Lake Map,c
Armoury Map,r
Arsenal Map,é
Ashen Wood Map,K
Atoll Map,Í
Augmented Distant Memory,u
Barrows Map,n
Basilica Map,»
Bazaar Map,Y
Beach Map,X
Belfry Map,w
Bog Map,y
Bone Crypt Map,V
Bramble Valley Map,™
Burial Chambers Map,E
"Caer Blaidd, Wolfpack's Den",æ
Cage Map,I
Caldera Map,ø
Canyon Map,j
Carcass Map,§
Castle Ruins Map,ê
Cells Map,Ú
Cemetery Map,L
Channel Map,Z
Chateau Map,O
Citadel Map,—
City Square Map,Ö
Cold River Map,ë
Colonnade Map,.
Colosseum Map,ü
Conservatory Map,6
Coral Ruins Map,Á
Core Map,û
Cortex,u
Courthouse Map,f
Courtyard Map,4
Coves Map,Ê
Crater Map,D
Crimson Temple Map,©
Crimson Township Map,%
Crystal Ore Map,å
Cursed Crypt Map,}
Dark Forest Map,®
Death and Taxes,¿
Defiled Cathedral Map,ú
Desert Map,W
Desert Spring Map,ç
Dig Map,†
Doryani's Machinarium,‹
Dry Sea Map,`
Dunes Map,A
Dungeon Map,3
Estuary Map,s
Excavation Map,S
Factory Map,Î
Fields Map,Ñ
Flooded Mine Map,?
Forbidden Woods Map,
Forge of the Phoenix Map,¤
Forking River Map,^
Fortress Map,—
Foundry Map,à
Frozen Cabins Map,ä
Fungal Hollow Map,d
Gardens Map,J
Geode Map,""""
Ghetto Map,œ
Glacier Map,U
Grave Trough Map,$
Graveyard Map,N
Grotto Map,h
Hall of Grandmasters,Ù
Hallowed Ground,Ð
Haunted Mansion Map,k
Iceberg Map,H
Infested Valley Map,Œ
Infused Beachhead,—
Ivory Temple Map,m
Jungle Valley Map,5
Laboratory Map,Ä
Lair Map,","
Lair of the Hydra Map,¢
Lava Chamber Map,Q
Lava Lake Map,µ
Leyline Map,G
Lighthouse Map,F
Lookout Map,C
Maelström of Chaos,Ç
Malformation Map,ñ
Mao Kun,À
Marshes Map,2
Mausoleum Map,[
Maze Map,l
Maze of the Minotaur Map,£
Mesa Map,Ò
Mineral Pools Map,{
Moon Temple Map,=
Mud Geyser Map,É
Museum Map,(
Necropolis Map,°
Oba's Cursed Trove,q
Olmec's Sanctum,$
Orchard Map,<
Overgrown Ruin Map,]
Overgrown Shrine Map,¾
Palace Map,\
Park Map,÷
Pen Map,b
Peninsula Map,*
Phantasmagoria Map,o
Pier Map,z
Pillars of Arun,›
Pit Map,×
Pit of the Chimera Map,Â
Plateau Map,|
Plaza Map,€
Poorjoy's Asylum,ß
Port Map,e
Precinct Map,:
Primordial Blocks Map,â
Primordial Pool Map,Â
Promenade Map,;
Racecourse Map,«
Ramparts Map,Ü
Reef Map,7
Relic Chambers Map,1
Replica Cortex,u
Replica Pillars of Arun,›
Replica Poorjoy's Asylum,ß
Residence Map,T
Rewritten Distant Memory,u
Sanctuary Map,—
Scriptorium Map,‡
Sepulchre Map,Ÿ
Shipyard Map,v
Shore Map,/
Shrine Map,è
Siege Map,u
Silo Map,•
Spider Forest Map,Ã
Spider Lair Map,M
Stagnation Map,¢
Strand Map,8
Sulphur Vents Map,P
Summit Map,ù
Sunken City Map,•
Temple Map,-
Terrace Map,ð
The Beachhead,—
The Coward's Trial,Å
The Putrid Cloister,Õ
The Twilight Temple,^
The Vinktar Square,²
Thicket Map,B
Tower Map,0
Toxic Sewer Map,Ï
Tropical Island Map,Û
Twisted Distant Memory,u
Underground River Map,9
Underground Sea Map,q
Vaal Pyramid Map,~
Vaal Temple Map,>
Vault Map,)
Vaults of Atziri,g
Villa Map,³
Volcano Map,i
Waste Pool Map,_
Wasteland Map,x
Waterways Map,Ì
Whakawairua Tuahu,È
Wharf Map,Ë
Ziggurat Map,—
